time,temperature_2m_mean,relative_humidity_2m_mean,precipitation_sum,High_Risk,Infection_Alert
2024-06-01,24.5,90,3.5,False,False
2024-06-02,23.7,94,27.0,True,False
2024-06-03,23.8,92,7.6,False,False
2024-06-04,24.3,88,1.3,False,False
2024-06-05,24.4,87,2.8,False,False
2024-06-06,23.8,92,9.7,False,False
2024-06-07,23.4,91,3.0,False,False
2024-06-08,23.5,88,4.8,False,False
2024-06-09,23.0,90,4.8,False,False
2024-06-10,23.5,87,3.4,False,False
2024-06-11,23.5,87,2.8,False,False
2024-06-12,21.9,98,22.3,False,False
2024-06-13,22.8,89,1.6,False,False
2024-06-14,23.9,83,0.2,False,False
2024-06-15,23.6,81,0.0,False,False
2024-06-16,23.2,85,3.1,False,False
2024-06-17,23.7,85,1.9,False,False
2024-06-18,23.7,86,6.7,False,False
2024-06-19,23.5,86,2.3,False,False
2024-06-20,23.0,88,2.4,False,False
2024-06-21,22.3,93,10.5,True,False
2024-06-22,22.2,93,13.2,True,True
2024-06-23,22.1,93,9.0,False,False
2024-06-24,22.0,95,18.0,True,False
2024-06-25,21.6,97,27.4,False,False
2024-06-26,21.2,100,44.9,False,False
2024-06-27,21.5,99,22.5,False,False
2024-06-28,22.9,89,3.5,False,False
2024-06-29,23.7,85,1.8,False,False
2024-06-30,23.4,87,2.9,False,False
2024-07-01,22.3,92,7.5,False,False
2024-07-02,23.1,87,1.4,False,False
2024-07-03,23.2,86,4.8,False,False
2024-07-04,23.4,86,0.7,False,False
2024-07-05,22.7,90,16.7,True,False
2024-07-06,22.9,86,3.2,False,False
2024-07-07,22.3,90,5.5,False,False
2024-07-08,21.8,93,10.7,False,False
2024-07-09,22.7,87,6.2,False,False
2024-07-10,23.1,86,12.0,True,False
2024-07-11,23.8,82,1.1,False,False
2024-07-12,22.9,89,10.5,True,False
2024-07-13,22.0,94,15.5,True,True
2024-07-14,22.0,93,13.7,True,True
2024-07-15,21.2,99,37.6,False,False
2024-07-16,21.1,99,39.3,False,False
2024-07-17,21.4,98,24.6,False,False
2024-07-18,20.8,100,31.7,False,False
2024-07-19,20.9,99,18.6,False,False
2024-07-20,22.0,92,6.3,False,False
2024-07-21,22.2,90,6.9,False,False
2024-07-22,22.5,85,2.3,False,False
2024-07-23,22.6,90,7.4,False,False
2024-07-24,22.5,90,8.0,False,False
2024-07-25,21.8,96,19.5,False,False
2024-07-26,22.0,93,13.3,True,False
2024-07-27,22.4,86,5.3,False,False
2024-07-28,22.7,84,5.2,False,False
2024-07-29,22.1,93,29.1,True,False
2024-07-30,21.0,100,55.3,False,False
2024-07-31,21.8,96,45.0,False,False
2024-08-01,22.0,95,18.6,True,False
2024-08-02,22.6,88,4.9,False,False
2024-08-03,22.6,85,6.0,False,False
2024-08-04,23.2,83,0.7,False,False
2024-08-05,22.9,85,5.9,False,False
2024-08-06,22.2,91,8.7,False,False
2024-08-07,22.5,87,3.4,False,False
2024-08-08,22.3,88,5.0,False,False
2024-08-09,23.0,87,11.8,True,False
2024-08-10,23.1,89,14.6,True,True
2024-08-11,23.7,87,9.6,False,False
2024-08-12,23.9,86,4.9,False,False
2024-08-13,23.3,87,9.6,False,False
2024-08-14,23.3,90,25.8,True,False
2024-08-15,22.8,92,25.8,True,True
2024-08-16,23.5,91,26.6,True,True
2024-08-17,24.2,84,1.8,False,False
2024-08-18,23.9,84,0.9,False,False
2024-08-19,23.9,86,8.2,False,False
2024-08-20,23.7,89,25.4,True,False
2024-08-21,22.7,89,4.0,False,False
2024-08-22,23.1,84,0.8,False,False
2024-08-23,23.6,82,0.5,False,False
2024-08-24,22.6,87,2.8,False,False
2024-08-25,22.6,85,3.4,False,False
2024-08-26,22.7,84,3.4,False,False
2024-08-27,22.6,86,3.4,False,False
2024-08-28,22.3,86,3.3,False,False
2024-08-29,22.2,90,19.0,True,False
2024-08-30,22.3,90,3.1,False,False
2024-08-31,22.1,90,4.4,False,False
